0期数,还款日期,当月还款,计息剩余贷款,当月利息,当月还本,结余
1,201607,6238.362,1150000.000,4085.375,2152.987,1301.638
2,201608,6238.362,1147847.013,4077.727,2160.636,1301.638
3,201609,6238.362,1145686.377,4070.051,2168.311,1301.638
4,201610,6238.362,1143518.066,4062.348,2176.014,1301.638
5,201611,6238.362,1141342.052,4054.618,2183.744,1301.638
6,201612,6238.362,1139158.307,4046.860,2191.502,1301.638
7,201701,6238.362,1136966.805,4039.075,2199.288,1301.638
8,201702,6238.362,1134767.518,4031.262,2207.101,1301.638
9,201703,6238.362,1132560.417,4023.421,2214.941,1301.638
10,201704,6238.362,1130345.476,4015.552,2222.810,1301.638
11,201705,6238.362,1128122.666,4007.656,2230.706,1301.638
12,201706,6238.362,1125891.960,3999.731,2238.631,1301.638
13,201707,6238.362,1123653.329,3991.778,2246.584,1301.638
14,201707,6238.362,931891.960,3310.546,2927.816,1301.638
15,201708,6238.362,928964.144,3300.145,2938.217,1301.638
16,201709,6238.362,926025.927,3289.707,2948.655,1301.638
17,201710,6238.362,923077.272,3279.232,2959.130,1301.638
18,201711,6238.362,920118.142,3268.720,2969.642,1301.638
19,201712,6238.362,917148.500,3258.170,2980.192,1301.638
20,201801,6238.362,914168.307,3247.583,2990.779,1301.638
21,201802,6238.362,911177.528,3236.958,3001.404,1301.638
22,201803,6238.362,908176.124,3226.296,3012.066,1301.638
23,201804,6238.362,905164.058,3215.595,3022.767,1301.638
24,201805,6238.362,902141.291,3204.857,3033.505,1301.638
25,201806,6238.362,899107.786,3194.080,3044.282,1301.638
26,201807,6238.362,896063.504,3183.266,3055.097,1301.638
27,201808,5903.571,847063.504,3009.193,2894.378,1636.429
28,201809,5903.571,844169.126,2998.911,2904.661,1636.429
29,201810,5903.571,841264.465,2988.592,2914.979,1636.429
30,201811,5903.571,838349.486,2978.237,2925.335,1636.429
31,201812,5903.571,835424.151,2967.844,2935.727,1636.429
32,201901,5903.571,832488.424,2957.415,2946.156,1636.429
33,201902,5903.571,829542.268,2946.949,2956.622,1636.429
34,201903,5903.571,826585.645,2936.446,2967.126,1636.429
35,201904,5903.571,823618.520,2925.905,2977.667,1636.429
36,201905,5903.571,820640.853,2915.327,2988.245,1636.429
37,201906,5903.571,817652.608,2904.711,2998.860,1636.429
38,201907,5903.571,814653.748,2894.057,3009.514,1636.429
39,201908,5565.418,765153.748,2718.209,2847.210,1974.582
40,201909,5565.418,762306.538,2708.094,2857.324,1974.582
41,201910,5565.418,759449.214,2697.943,2867.475,1974.582
42,201911,5565.418,756581.739,2687.757,2877.662,1974.582
43,201912,5565.418,753704.077,2677.534,2887.885,1974.582
44,202001,5565.418,750816.192,2667.275,2898.144,1974.582
45,202002,5565.418,747918.049,2656.979,2908.440,1974.582
46,202003,5565.418,745009.609,2646.647,2918.772,1974.582
47,202004,5565.418,742090.837,2636.278,2929.141,1974.582
48,202005,5565.418,739161.697,2625.872,2939.546,1974.582
49,202006,5565.418,736222.150,2615.429,2949.989,1974.582
50,202007,5565.418,733272.161,2604.949,2960.469,1974.582
51,202008,5206.949,683272.161,2427.324,2779.624,2333.051
52,202009,5206.949,680492.537,2417.450,2789.499,2333.051
53,202010,5206.949,677703.038,2407.540,2799.409,2333.051
54,202011,5206.949,674903.629,2397.595,2809.353,2333.051
55,202012,5206.949,672094.276,2387.615,2819.334,2333.051
56,202101,5206.949,669274.942,2377.599,2829.349,2333.051
57,202102,5206.949,666445.593,2367.548,2839.401,2333.051
58,202103,5206.949,663606.192,2357.461,2849.488,2333.051
59,202104,5206.949,660756.705,2347.338,2859.610,2333.051
60,202105,5206.949,657897.094,2337.179,2869.769,2333.051
61,202106,5206.949,655027.325,2326.985,2879.964,2333.051
62,202107,5206.949,652147.361,2316.753,2890.195,2333.051
63,202108,4829.135,602147.361,2139.128,2690.006,2710.865
64,202109,4829.135,599457.355,2129.572,2699.563,2710.865
65,202110,4829.135,596757.792,2119.982,2709.153,2710.865
66,202111,4829.135,594048.639,2110.358,2718.777,2710.865
67,202112,4829.135,591329.862,2100.699,2728.435,2710.865
68,202201,4829.135,588601.427,2091.007,2738.128,2710.865
69,202202,4829.135,585863.299,2081.279,2747.855,2710.865
70,202203,4829.135,583115.443,2071.518,2757.617,2710.865
71,202204,4829.135,580357.826,2061.721,2767.414,2710.865
72,202205,4829.135,577590.413,2051.890,2777.245,2710.865
73,202206,4829.135,574813.168,2042.024,2787.111,2710.865
74,202207,4829.135,572026.057,2032.123,2797.012,2710.865
75,202208,4428.682,522026.057,1854.498,2574.184,3111.318
76,202209,4428.682,519451.873,1845.353,2583.329,3111.318
77,202210,4428.682,516868.544,1836.176,2592.506,3111.318
78,202211,4428.682,514276.038,1826.966,2601.716,3111.318
79,202212,4428.682,511674.322,1817.723,2610.959,3111.318
80,202301,4428.682,509063.364,1808.448,2620.234,3111.318
81,202302,4428.682,506443.130,1799.139,2629.542,3111.318
82,202303,4428.682,503813.587,1789.798,2638.884,3111.318
83,202304,4428.682,501174.703,1780.423,2648.258,3111.318
84,202305,4428.682,498526.445,1771.015,2657.666,3111.318
85,202306,4428.682,495868.779,1761.574,2667.108,3111.318
86,202307,4428.682,493201.671,1752.099,2676.583,3111.318
87,202308,4001.424,443201.671,1574.474,2426.951,3538.576
88,202309,4001.424,440774.720,1565.852,2435.572,3538.576
89,202310,4001.424,438339.148,1557.200,2444.225,3538.576
90,202311,4001.424,435894.924,1548.517,2452.908,3538.576
91,202312,4001.424,433442.016,1539.803,2461.622,3538.576
92,202401,4001.424,430980.394,1531.058,2470.367,3538.576
93,202402,4001.424,428510.028,1522.282,2479.143,3538.576
94,202403,4001.424,426030.885,1513.475,2487.950,3538.576
95,202404,4001.424,423542.935,1504.636,2496.788,3538.576
96,202405,4001.424,421046.147,1495.766,2505.658,3538.576
97,202406,4001.424,418540.489,1486.865,2514.559,3538.576
98,202407,4001.424,416025.930,1477.932,2523.492,3538.576
99,202408,3541.999,366025.930,1300.307,2241.692,3998.001
100,202409,3541.999,363784.238,1292.344,2249.655,3998.001
101,202410,3541.999,361534.583,1284.352,2257.647,3998.001
102,202411,3541.999,359276.936,1276.331,2265.667,3998.001
103,202412,3541.999,357011.269,1268.283,2273.716,3998.001
104,202501,3541.999,354737.552,1260.205,2281.794,3998.001
105,202502,3541.999,352455.759,1252.099,2289.900,3998.001
106,202503,3541.999,350165.859,1243.964,2298.035,3998.001
107,202504,3541.999,347867.825,1235.800,2306.198,3998.001
108,202505,3541.999,345561.626,1227.608,2314.391,3998.001
109,202506,3541.999,343247.235,1219.386,2322.613,3998.001
110,202507,3541.999,340924.622,1211.135,2330.864,3998.001
111,202508,3043.336,290924.622,1033.510,2009.826,4496.664
112,202509,3043.336,288914.796,1026.370,2016.966,4496.664
113,202510,3043.336,286897.829,1019.205,2024.132,4496.664
114,202511,3043.336,284873.697,1012.014,2031.322,4496.664
115,202512,3043.336,282842.375,1004.798,2038.539,4496.664
116,202601,3043.336,280803.836,997.556,2045.781,4496.664
117,202602,3043.336,278758.056,990.288,2053.048,4496.664
118,202603,3043.336,276705.008,982.995,2060.342,4496.664
119,202604,3043.336,274644.666,975.675,2067.661,4496.664
120,202605,3043.336,272577.005,968.330,2075.006,4496.664
121,202606,3043.336,270501.999,960.958,2082.378,4496.664
122,202607,3043.336,268419.621,953.561,2089.775,4496.664
123,202608,2495.869,218419.621,775.936,1719.933,5044.131
124,202609,2495.869,216699.688,769.826,1726.043,5044.131
125,202610,2495.869,214973.645,763.694,1732.175,5044.131
126,202611,2495.869,213241.470,757.540,1738.328,5044.131
127,202612,2495.869,211503.142,751.365,1744.504,5044.131
128,202701,2495.869,209758.638,745.168,1750.701,5044.131
129,202702,2495.869,208007.937,738.948,1756.921,5044.131
130,202703,2495.869,206251.016,732.707,1763.162,5044.131
131,202704,2495.869,204487.854,726.443,1769.426,5044.131
132,202705,2495.869,202718.428,720.157,1775.712,5044.131
133,202706,2495.869,200942.717,713.849,1782.020,5044.131
134,202707,2495.869,199160.697,707.518,1788.350,5044.131
135,202708,2495.869,197372.347,701.165,1794.703,5044.131
136,202709,2495.869,195577.643,694.790,1801.079,5044.131
137,202710,2495.869,193776.564,688.391,1807.478,5044.131
138,202711,2495.869,191969.086,681.970,1813.899,5044.131
139,202712,2495.869,190155.188,675.526,1820.342,5044.131
140,202801,2495.869,188334.845,669.060,1826.809,5044.131
141,202802,2495.869,186508.036,662.570,1833.299,5044.131
142,202803,2495.869,184674.737,656.057,1839.812,5044.131
143,202804,2495.869,182834.926,649.521,1846.348,5044.131
144,202805,2495.869,180988.578,642.962,1852.907,5044.131
145,202806,2495.869,179135.671,636.379,1859.489,5044.131
146,202807,2495.869,177276.182,629.774,1866.095,5044.131
147,202808,2495.869,175410.087,623.144,1872.724,5044.131
148,202809,2495.869,173537.362,616.491,1879.377,5044.131
149,202810,2495.869,171657.985,609.815,1886.054,5044.131
150,202811,2495.869,169771.931,603.115,1892.754,5044.131
151,202812,2495.869,167879.177,596.391,1899.478,5044.131
152,202901,2495.869,165979.699,589.643,1906.226,5044.131
153,202902,2495.869,164073.473,582.871,1912.998,5044.131
154,202903,2495.869,162160.476,576.075,1919.794,5044.131
155,202904,2495.869,160240.682,569.255,1926.614,5044.131
156,202905,2495.869,158314.068,562.411,1933.458,5044.131
157,202906,2495.869,156380.610,555.542,1940.327,5044.131
158,202907,2495.869,154440.284,548.649,1947.220,5044.131
159,202908,2495.869,152493.064,541.732,1954.137,5044.131
160,202909,2495.869,150538.927,534.790,1961.079,5044.131
161,202910,2495.869,148577.848,527.823,1968.046,5044.131
162,202911,2495.869,146609.802,520.831,1975.037,5044.131
163,202912,2495.869,144634.764,513.815,1982.054,5044.131
164,203001,2495.869,142652.711,506.774,1989.095,5044.131
165,203002,2495.869,140663.616,499.707,1996.161,5044.131
166,203003,2495.869,138667.454,492.616,2003.253,5044.131
167,203004,2495.869,136664.202,485.500,2010.369,5044.131
168,203005,2495.869,134653.832,478.358,2017.511,5044.131
169,203006,2495.869,132636.321,471.191,2024.678,5044.131
170,203007,2495.869,130611.643,463.998,2031.871,5044.131
171,203008,2495.869,128579.772,456.780,2039.089,5044.131
172,203009,2495.869,126540.683,449.536,2046.333,5044.131
173,203010,2495.869,124494.350,442.266,2053.603,5044.131
174,203011,2495.869,122440.748,434.971,2060.898,5044.131
175,203012,2495.869,120379.850,427.649,2068.219,5044.131
176,203101,2495.869,118311.630,420.302,2075.567,5044.131
177,203102,2495.869,116236.064,412.929,2082.940,5044.131
178,203103,2495.869,114153.124,405.529,2090.340,5044.131
179,203104,2495.869,112062.784,398.103,2097.766,5044.131
180,203105,2495.869,109965.018,390.651,2105.218,5044.131
181,203106,2495.869,107859.800,383.172,2112.697,5044.131
182,203107,2495.869,105747.103,375.667,2120.202,5044.131
183,203108,2495.869,103626.901,368.135,2127.734,5044.131
184,203109,2495.869,101499.167,360.576,2135.293,5044.131
185,203110,2495.869,99363.874,352.990,2142.879,5044.131
186,203111,2495.869,97220.995,345.378,2150.491,5044.131
187,203112,2495.869,95070.504,337.738,2158.131,5044.131
188,203201,2495.869,92912.373,330.071,2165.798,5044.131
189,203202,2495.869,90746.576,322.377,2173.492,5044.131
190,203203,2495.869,88573.084,314.656,2181.213,5044.131
191,203204,2495.869,86391.871,306.907,2188.962,5044.131
192,203205,2495.869,84202.910,299.131,2196.738,5044.131
193,203206,2495.869,82006.172,291.327,2204.542,5044.131
194,203207,2495.869,79801.630,283.495,2212.373,5044.131
195,203208,2495.869,77589.257,275.636,2220.233,5044.131
196,203209,2495.869,75369.024,267.748,2228.120,5044.131
197,203210,2495.869,73140.903,259.833,2236.036,5044.131
198,203211,2495.869,70904.868,251.890,2243.979,5044.131
199,203212,2495.869,68660.889,243.918,2251.951,5044.131
200,203301,2495.869,66408.938,235.918,2259.951,5044.131
201,203302,2495.869,64148.987,227.889,2267.979,5044.131
202,203303,2495.869,61881.007,219.832,2276.036,5044.131
203,203304,2495.869,59604.971,211.747,2284.122,5044.131
204,203305,2495.869,57320.849,203.632,2292.236,5044.131
205,203306,2495.869,55028.612,195.489,2300.380,5044.131
206,203307,2495.869,52728.233,187.317,2308.552,5044.131
207,203308,2495.869,50419.681,179.116,2316.753,5044.131
208,203309,2495.869,48102.928,170.886,2324.983,5044.131
209,203310,2495.869,45777.945,162.626,2333.243,5044.131
210,203311,2495.869,43444.702,154.337,2341.531,5044.131
211,203312,2495.869,41103.171,146.019,2349.850,5044.131
212,203401,2495.869,38753.321,137.671,2358.198,5044.131
213,203402,2495.869,36395.124,129.294,2366.575,5044.131
214,203403,2495.869,34028.548,120.886,2374.982,5044.131
215,203404,2495.869,31653.566,112.449,2383.419,5044.131
216,203405,2495.869,29270.147,103.982,2391.887,5044.131
217,203406,2495.869,26878.260,95.485,2400.384,5044.131
218,203407,2495.869,24477.876,86.958,2408.911,5044.131
219,203408,2495.869,22068.965,78.400,2417.469,5044.131
220,203409,2495.869,19651.497,69.812,2426.057,5044.131
221,203410,2495.869,17225.440,61.193,2434.675,5044.131
222,203411,2495.869,14790.764,52.544,2443.325,5044.131
223,203412,2495.869,12347.440,43.864,2452.004,5044.131
224,203501,2495.869,9895.435,35.154,2460.715,5044.131
225,203502,2495.869,7434.720,26.412,2469.457,5044.131
226,203503,2495.869,4965.263,17.639,2478.230,5044.131
227,203504,2495.869,2487.034,8.835,2487.034,5044.131

总期数:,227,总还:,862509.825,总利息:,326191.596